60.191.201.38,45461,HTTPS
106.14.47.5,80,HTTPS
60.216.101.46,59351,HTTP
183.172.131.4,8118,HTTP
112.82.155.105,8118,HTTPS
27.17.45.90,43411,HTTPS
101.236.57.99,8866,HTTP
61.135.217.7,80,HTTP
118.190.94.224,9001,HTTPS
58.53.128.83,3128,HTTP
171.35.86.244,8118,HTTPS
101.236.55.145,8866,HTTPS
118.181.226.22,37346,HTTPS
101.236.50.178,8866,HTTPS
101.64.32.100,808,HTTPS
113.108.242.36,47713,HTTPS
210.22.176.146,32153,HTTPS
125.77.49.146,808,HTTP
59.45.168.235,42059,HTTPS
218.59.193.14,47138,HTTPS
139.199.38.182,8118,HTTP
114.119.116.92,61066,HTTPS
58.218.201.188,58093,HTTPS
123.7.61.8,53281,HTTPS
180.168.13.26,8000,HTTP
106.12.7.54,8118,HTTPS
222.94.146.161,3128,HTTPS
117.21.191.154,32431,HTTPS
116.113.27.170,47849,HTTPS
27.154.34.146,31527,HTTPS
115.29.170.58,8118,HTTP
183.172.56.90,8118,HTTPS
14.204.20.95,8080,HTTPS
219.238.186.188,8118,HTTP
14.118.135.10,808,HTTPS
101.236.58.171,8866,HTTPS
119.1.97.193,60916,HTTPS
182.88.15.105,8123,HTTPS
118.122.92.252,37901,HTTPS
58.52.171.159,808,HTTPS
183.3.150.210,41258,HTTP
36.48.73.16,80,HTTPS
221.6.32.206,50925,HTTPS
180.118.243.40,808,HTTPS
112.98.126.100,41578,HTTP
221.237.146.71,8118,HTTPS
182.88.4.85,8123,HTTPS
124.235.181.175,80,HTTP
61.135.155.82,443,HTTP
112.98.126.98,37614,HTTPS
171.38.65.164,8123,HTTPS
61.170.179.89,50799,HTTPS
171.37.161.32,8123,HTTPS
180.121.132.55,3128,HTTPS
116.236.98.78,43682,HTTP
114.225.168.235,53128,HTTP
116.7.176.75,8118,HTTP
123.55.3.32,808,HTTPS
182.241.226.25,43584,HTTPS
171.38.42.242,8123,HTTP
182.88.88.202,8123,HTTP
120.35.102.108,6666,HTTPS
106.3.79.57,31662,HTTPS
59.57.151.126,37749,HTTPS
116.62.134.173,9999,HTTPS
119.254.94.123,50972,HTTP
171.39.73.7,8123,HTTPS
171.37.162.145,8123,HTTPS
182.88.178.47,8123,HTTPS
222.191.243.187,42649,HTTPS
119.4.130.12,1133,HTTPS
182.88.161.79,8123,HTTPS
223.240.209.132,8010,HTTPS
121.225.24.142,3128,HTTPS
115.46.79.52,8123,HTTPS
101.236.57.214,8866,HTTPS
218.24.16.198,43620,HTTPS
175.148.71.14,1133,HTTPS
42.55.252.138,1133,HTTPS
111.224.101.82,808,HTTP
115.46.64.131,8123,HTTP
113.128.148.39,8118,HTTPS
115.46.65.177,8123,HTTP
27.42.168.46,48919,HTTP
153.35.7.47,8118,HTTP
120.26.127.90,8118,HTTP
101.236.59.11,8866,HTTPS
221.218.102.146,33323,HTTPS
110.189.152.86,52277,HTTPS
115.46.73.72,8123,HTTPS
115.46.65.236,8123,HTTP
182.88.129.67,8123,HTTP
182.207.232.135,50465,HTTPS
180.163.152.130,60596,HTTPS
219.135.162.198,47201,HTTPS
218.76.253.201,61408,HTTPS
58.56.108.226,43296,HTTPS
124.235.135.87,80,HTTP
218.24.16.198,43620,HTTPS
175.148.71.14,1133,HTTPS
42.55.252.138,1133,HTTPS
111.224.101.82,808,HTTP
115.46.64.131,8123,HTTP
113.128.148.39,8118,HTTPS
115.46.65.177,8123,HTTP
27.42.168.46,48919,HTTP
153.35.7.47,8118,HTTP
120.26.127.90,8118,HTTP
101.236.59.11,8866,HTTPS
221.218.102.146,33323,HTTPS
110.189.152.86,52277,HTTPS
115.46.73.72,8123,HTTPS
115.46.65.236,8123,HTTP
182.88.129.67,8123,HTTP
182.207.232.135,50465,HTTPS
180.163.152.130,60596,HTTPS
219.135.162.198,47201,HTTPS
218.76.253.201,61408,HTTPS
58.56.108.226,43296,HTTPS
124.235.135.87,80,HTTP
58.210.94.242,43627,HTTPS
171.13.85.184,8010,HTTPS
115.219.105.38,8010,HTTP
101.236.58.203,8866,HTTPS
122.115.78.240,38157,HTTP
171.37.154.111,8123,HTTPS
182.88.163.132,8123,HTTP
115.223.78.233,8010,HTTPS
119.146.2.234,39960,HTTPS
171.38.84.131,8123,HTTPS
175.148.71.214,1133,HTTPS
121.9.215.94,39545,HTTPS
182.88.135.173,8123,HTTPS
114.225.169.202,53128,HTTPS
60.173.244.133,41306,HTTPS
222.94.150.200,808,HTTPS
121.60.77.128,8010,HTTPS
221.232.192.236,8010,HTTPS
171.37.152.98,8123,HTTP
171.38.77.157,8123,HTTPS
59.32.37.68,808,HTTPS
175.148.78.132,1133,HTTPS
218.25.131.121,47043,HTTPS
182.88.134.133,8123,HTTP
123.185.4.62,8118,HTTP
220.166.195.208,8118,HTTPS
175.148.76.70,1133,HTTPS
59.173.73.139,8010,HTTPS
139.215.2.173,80,HTTP
114.225.170.149,53128,HTTPS
182.88.178.201,8123,HTTPS
221.204.119.217,8090,HTTP
119.254.94.103,49955,HTTPS
58.210.133.98,32741,HTTPS
222.139.245.130,58424,HTTP
110.87.24.35,6666,HTTPS
171.38.76.113,8123,HTTPS
61.142.72.150,39894,HTTPS
175.165.130.128,1133,HTTPS
121.31.143.251,8123,HTTPS
110.73.6.39,8123,HTTP
121.31.136.155,8123,HTTP
114.112.70.150,57871,HTTPS
171.37.157.124,8123,HTTP
180.118.243.17,61234,HTTPS
171.38.78.94,8123,HTTPS
182.88.164.74,8123,HTTPS
182.88.215.241,8123,HTTP
123.132.232.254,37638,HTTPS
121.225.24.52,3128,HTTPS
124.234.157.29,80,HTTP
180.118.243.169,53128,HTTP
175.155.136.164,1133,HTTPS
121.10.71.82,8118,HTTP
42.51.3.89,8080,HTTPS
118.181.226.216,36430,HTTP
113.243.23.13,3128,HTTPS
182.88.179.51,8123,HTTPS
180.118.242.99,61234,HTTP
115.46.69.72,8123,HTTP
175.147.98.245,8010,HTTP
171.38.79.229,8123,HTTP
115.46.89.156,8123,HTTPS
183.15.122.239,3128,HTTPS
115.46.74.235,8123,HTTPS
59.32.37.67,8010,HTTPS
171.38.43.60,8123,HTTPS
114.225.168.130,53128,HTTPS
115.223.121.185,8010,HTTPS
180.118.240.191,808,HTTPS
110.72.193.133,8123,HTTPS
210.72.14.142,80,HTTP
110.87.24.30,6666,HTTP
221.214.180.122,33190,HTTP
115.46.98.23,8123,HTTP
175.148.72.216,1133,HTTPS
61.189.242.243,55484,HTTPS
182.88.134.48,8123,HTTP
119.167.153.50,8118,HTTPS
49.87.135.86,53128,HTTPS
114.94.10.232,43376,HTTPS
121.228.55.197,3128,HTTPS
182.88.213.3,8123,HTTP
59.32.37.176,8010,HTTPS
113.128.148.50,8118,HTTP
182.88.88.77,8123,HTTPS
221.232.192.25,3128,HTTP
101.94.0.150,8123,HTTPS
101.236.34.213,8866,HTTP
123.163.19.201,808,HTTPS
171.37.154.48,8123,HTTPS
115.46.70.13,8123,HTTP
115.46.73.224,8123,HTTP
123.55.1.127,29324,HTTPS
221.214.167.3,38207,HTTPS
121.225.24.67,3128,HTTPS
121.225.24.45,3128,HTTPS
119.254.94.95,43150,HTTPS
171.113.159.243,8010,HTTPS
115.46.73.199,8123,HTTP
118.89.138.129,52699,HTTPS
60.182.199.40,8010,HTTPS
117.91.253.119,8118,HTTP
222.171.251.43,40149,HTTPS
182.34.102.51,21904,HTTPS
123.162.168.192,40274,HTTP
171.37.157.233,8123,HTTP
171.39.78.134,8123,HTTPS
120.35.102.184,6666,HTTPS
115.223.109.215,8010,HTTPS
180.121.128.209,3128,HTTPS
182.88.4.49,8123,HTTP
119.144.124.135,8118,HTTPS
59.37.33.62,54474,HTTP
182.88.88.153,8123,HTTPS
175.168.136.31,53281,HTTPS
171.37.157.89,8123,HTTP
115.46.64.21,8123,HTTPS
115.46.66.29,8123,HTTP
60.169.201.173,8010,HTTPS
140.207.155.94,52685,HTTPS
182.88.88.5,8123,HTTP
182.88.186.233,8123,HTTPS
61.142.72.154,30074,HTTPS
121.225.26.89,3128,HTTP
27.16.162.155,8010,HTTPS
61.133.245.70,35652,HTTPS
218.59.228.18,61976,HTTPS
42.59.84.86,1133,HTTPS
113.116.131.239,808,HTTP
